sku,category,subcategory,position,pack_count,size,material,is_winter_rated
BTX-5012,Electrical,Ignition Coils,,,,,0
BTX-9928,Braking,Calipers,,,,,0
KRV-6514,Filtration,Oil Filters,,,,,0
VRN-6977,Filtration,Air Filters,,,,,0
VRN-8517,Filtration,Oil Filters,,,,,0
MLT-3266,Filtration,Air Filters,,,,,0
VSK-8668,Electrical,Ignition Coils,,,,,0
BTX-5315,Braking,Rotors,,,,,0
KRV-9689,Filtration,Air Filters,,,,,0
KDR-3103,Braking,Brake Pads,front,,,ceramic,0
BTX-8744,Braking,Brake Pads,rear,8,,ceramic,0
KDR-4116,Visibility,Wiper Blades,,,,rubber,1
WRF-4872,Apparel,Gloves,,,S,,1
WRF-2122,Apparel,Coveralls,,,,cotton,1
QVN-4346,Filtration,Air Filters,,,,,0
KDR-2638,Visibility,Headlight Bulbs,,,,,0
BTX-3143,Filtration,Oil Filters,,,,,0
VSK-5065,Visibility,Headlight Bulbs,,,,,0
QVN-3925,Electrical,Spark Plugs,,6,,,0
VSK-8144,Electrical,Spark Plugs,,2,,,0
WRF-3085,Apparel,Coveralls,,,XL,,0
QVN-9375,Braking,Calipers,rear,,,,0
KRV-1090,Filtration,Air Filters,,,,,0
KDR-9702,Electrical,Spark Plugs,,,,,0
VRN-6507,Filtration,Oil Filters,,,,,0
WRF-3977,Apparel,Coveralls,,,XL,cotton,0
VRN-8619,Braking,Calipers,rear,,,,0
BTX-7149,Filtration,Oil Filters,,,,,0
BRH-2129,Apparel,Hi-Vis Jackets,,,L,,0
GVX-8616,Apparel,Gloves,,,,nitrile,0
VSK-6325,Electrical,Spark Plugs,,,,,0
MLT-9004,Electrical,Spark Plugs,,,,,0
KRV-9595,Braking,Brake Pads,,12,,,0
BTX-5978,Electrical,Ignition Coils,,,,,0
KRV-8699,Visibility,Wiper Blades,rear,8,,,1
MLT-3441,Visibility,Headlight Bulbs,,,,,0
VRN-7594,Filtration,Cabin Filters,,,,,0
MLT-5415,Braking,Brake Pads,,,,,0
VRN-8700,Electrical,Ignition Coils,,,,,0
WRF-6296,Apparel,Hi-Vis Jackets,,,L,,1
MLT-6091,Electrical,Ignition Coils,,,,,0
GVX-1715,Apparel,Hi-Vis Jackets,,,XL,,0
BTX-6439,Braking,Rotors,,,,,0
BTX-4727,Visibility,Headlight Bulbs,,6,,,0
QVN-3950,Braking,Brake Pads,left,,,semi-metallic,0
TLV-9138,Apparel,Hi-Vis Jackets,,,S,,0
KRV-8222,Visibility,Wiper Blades,,,,,0
QVN-3695,Visibility,Headlight Bulbs,,,,,0
GVX-3531,Apparel,Coveralls,,,2XL,,0
MLT-2627,Filtration,Cabin Filters,,,,,0
VRN-1828,Braking,Rotors,front,,,,0
QVN-8433,Braking,Rotors,left,,,,0
TLV-8770,Apparel,Gloves,,8,L,leather,0
MLT-8030,Visibility,Wiper Blades,left,6,,,0
WRF-8432,Apparel,Gloves,,2,2XL,nitrile,0
BRH-8172,Apparel,Hi-Vis Jackets,,,M,,0
BTX-7333,Visibility,Wiper Blades,,2,,,0
WRF-9452,Apparel,Gloves,,8,,leather,1
VRN-1686,Braking,Rotors,rear,,,,0
KDR-2929,Braking,Calipers,right,,,,0
